{
  "overall": {
    "accuracy": 0.3853333333333333,
    "std": 0.33120386471175123,
    "total_samples": 100
  },
  "by_difficulty": {
    "2": {
      "accuracy": 0.3,
      "count": 10
    },
    "3": {
      "accuracy": 0.6,
      "count": 30
    },
    "4": {
      "accuracy": 0.30666666666666664,
      "count": 25
    },
    "5": {
      "accuracy": 0.28190476190476194,
      "count": 35
    }
  },
  "by_tag": {
    "chart": {
      "accuracy": 0.3,
      "count": 10
    },
    "comprehensive": {
      "accuracy": 0.025,
      "count": 8
    },
    "da_yun": {
      "accuracy": 0.5,
      "count": 14
    },
    "interactions": {
      "accuracy": 0.5476190476190476,
      "count": 14
    },
    "strength": {
      "accuracy": 0.0,
      "count": 11
    },
    "ten_gods": {
      "accuracy": 0.7058823529411765,
      "count": 17
    },
    "useful_god": {
      "accuracy": 0.20512820512820512,
      "count": 13
    },
    "wuxing": {
      "accuracy": 0.46153846153846156,
      "count": 13
    }
  }
}