{
  "overall": {
    "accuracy": 0.34106333333333333,
    "std": 0.3530267260735683,
    "total_samples": 1000
  },
  "by_difficulty": {
    "2": {
      "accuracy": 0.23636363636363636,
      "count": 110
    },
    "3": {
      "accuracy": 0.6823188405797102,
      "count": 230
    },
    "4": {
      "accuracy": 0.29740740740740745,
      "count": 225
    },
    "5": {
      "accuracy": 0.20968582375478928,
      "count": 435
    }
  },
  "by_tag": {
    "chart": {
      "accuracy": 0.23636363636363636,
      "count": 110
    },
    "comprehensive": {
      "accuracy": 0.1748148148148148,
      "count": 108
    },
    "da_yun": {
      "accuracy": 0.5014619883040935,
      "count": 114
    },
    "gold_standard": {
      "accuracy": 0.3361444444444444,
      "count": 900
    },
    "interactions": {
      "accuracy": 0.5869883040935673,
      "count": 114
    },
    "pattern": {
      "accuracy": 0.0,
      "count": 100
    },
    "strength": {
      "accuracy": 0.0,
      "count": 111
    },
    "ten_gods": {
      "accuracy": 0.7742165242165242,
      "count": 117
    },
    "useful_god": {
      "accuracy": 0.13421828908554573,
      "count": 113
    },
    "wuxing": {
      "accuracy": 0.5871681415929203,
      "count": 113
    }
  }
}