{
  "overall": {
    "accuracy": 0.362485,
    "std": 0.3822261689359383,
    "total_samples": 1000
  },
  "by_difficulty": {
    "2": {
      "accuracy": 0.39090909090909093,
      "count": 110
    },
    "3": {
      "accuracy": 0.7294927536231884,
      "count": 230
    },
    "4": {
      "accuracy": 0.2733333333333333,
      "count": 225
    },
    "5": {
      "accuracy": 0.20736015325670498,
      "count": 435
    }
  },
  "by_tag": {
    "chart": {
      "accuracy": 0.39090909090909093,
      "count": 110
    },
    "comprehensive": {
      "accuracy": 0.1619753086419753,
      "count": 108
    },
    "da_yun": {
      "accuracy": 0.5,
      "count": 114
    },
    "gold_standard": {
      "accuracy": 0.358687037037037,
      "count": 900
    },
    "interactions": {
      "accuracy": 0.5394736842105263,
      "count": 114
    },
    "pattern": {
      "accuracy": 0.0,
      "count": 100
    },
    "strength": {
      "accuracy": 0.0,
      "count": 111
    },
    "ten_gods": {
      "accuracy": 0.8660968660968661,
      "count": 117
    },
    "useful_god": {
      "accuracy": 0.1390117994100295,
      "count": 113
    },
    "wuxing": {
      "accuracy": 0.5880530973451328,
      "count": 113
    }
  }
}