{
  "overall": {
    "accuracy": 0.47250000000000003,
    "std": 0.42539279234347377,
    "total_samples": 30
  },
  "by_difficulty": {
    "2": {
      "accuracy": 0.25892857142857145,
      "count": 14
    },
    "3": {
      "accuracy": 0.8214285714285714,
      "count": 7
    },
    "4": {
      "accuracy": 0.5333333333333334,
      "count": 9
    }
  },
  "by_tag": {
    "chart": {
      "accuracy": 0.0,
      "count": 4
    },
    "strength": {
      "accuracy": 0.5333333333333334,
      "count": 9
    },
    "ten_gods": {
      "accuracy": 0.8214285714285714,
      "count": 7
    },
    "wuxing": {
      "accuracy": 0.3625,
      "count": 10
    }
  }
}