{
  "overall": {
    "accuracy": 0.46,
    "std": 0.2755801960309274,
    "total_samples": 50
  },
  "by_difficulty": {
    "2": {
      "accuracy": 0.44642857142857145,
      "count": 14
    },
    "3": {
      "accuracy": 0.38103448275862073,
      "count": 29
    },
    "4": {
      "accuracy": 0.8142857142857143,
      "count": 7
    }
  },
  "by_tag": {
    "chart": {
      "accuracy": 0.44642857142857145,
      "count": 14
    },
    "strength": {
      "accuracy": 0.8142857142857143,
      "count": 7
    },
    "ten_gods": {
      "accuracy": 0.513888888888889,
      "count": 18
    },
    "wuxing": {
      "accuracy": 0.16363636363636364,
      "count": 11
    }
  }
}